Full Name,File Name,Line No.
abcsFrederick/yliu_utilities,summit\20200323\cd4.py,87,Unet
abcsFrederick/yliu_utilities,summit\20200323\cd4.py,91,Unet
abcsFrederick/yliu_utilities,summit\20200323\cd4.py,95,Unet
abcsFrederick/yliu_utilities,summit\20200323\cd4.py,99,Unet
abcsFrederick/yliu_utilities,summit\20200323\cd4.py,104,Unet
aHorvathBazsi/Breast_cancer_segmentation_U-net-Tensorflow,model.py,56,Unet
aHorvathBazsi/Breast_cancer_segmentation_U-net-Tensorflow,model.py,62,Unet
aHorvathBazsi/Breast_cancer_segmentation_U-net-Tensorflow,model.py,68,Unet
aHorvathBazsi/Breast_cancer_segmentation_U-net-Tensorflow,model.py,74,Unet
aHorvathBazsi/Breast_cancer_segmentation_U-net-Tensorflow,model.py,78,Unet
ahy69195/Sartorius-DataScience2,Resources\Demos\U-Net Demo - TensorFlow\Segment.py,87,Unet
ahy69195/Sartorius-DataScience2,Resources\Demos\U-Net Demo - TensorFlow\Segment.py,93,Unet
ahy69195/Sartorius-DataScience2,Resources\Demos\U-Net Demo - TensorFlow\Segment.py,99,Unet
ahy69195/Sartorius-DataScience2,Resources\Demos\U-Net Demo - TensorFlow\Segment.py,105,Unet
ahy69195/Sartorius-DataScience2,Resources\Demos\U-Net Demo - TensorFlow\Segment.py,109,Unet
AkashSanthosh36/Convolutional-Neural-Network,CNN\cnn_tensorflow\Alexnet_mnist_keras\Run.py,43,Alexnet
akreho1/masterthesis-repo,model_multitask.py,75,Unet
akreho1/masterthesis-repo,model_multitask.py,81,Unet
akreho1/masterthesis-repo,model_multitask.py,87,Unet
akreho1/masterthesis-repo,model_multitask.py,93,Unet
akreho1/masterthesis-repo,model_multitask.py,97,Unet
akreho1/masterthesis-repo,model_multitask.py,153,Unet
akreho1/masterthesis-repo,model_multitask.py,159,Unet
akreho1/masterthesis-repo,model_multitask.py,165,Unet
akreho1/masterthesis-repo,model_multitask.py,171,Unet
akreho1/masterthesis-repo,model_multitask.py,175,Unet
akreho1/masterthesis-repo,model_multitask.py,231,Unet
akreho1/masterthesis-repo,model_multitask.py,237,Unet
akreho1/masterthesis-repo,model_multitask.py,243,Unet
akreho1/masterthesis-repo,model_multitask.py,249,Unet
akreho1/masterthesis-repo,model_multitask.py,253,Unet
akreho1/masterthesis-repo,model_multitask.py,310,Unet
akreho1/masterthesis-repo,model_multitask.py,316,Unet
akreho1/masterthesis-repo,model_multitask.py,322,Unet
akreho1/masterthesis-repo,model_multitask.py,328,Unet
akreho1/masterthesis-repo,model_multitask.py,332,Unet
akreho1/masterthesis-repo,model_multitask.py,388,Unet
akreho1/masterthesis-repo,model_multitask.py,394,Unet
akreho1/masterthesis-repo,model_multitask.py,400,Unet
akreho1/masterthesis-repo,model_multitask.py,406,Unet
akreho1/masterthesis-repo,model_multitask.py,410,Unet
akreho1/masterthesis-repo,model_multitask.py,466,Unet
akreho1/masterthesis-repo,model_multitask.py,472,Unet
akreho1/masterthesis-repo,model_multitask.py,478,Unet
akreho1/masterthesis-repo,model_multitask.py,484,Unet
akreho1/masterthesis-repo,model_multitask.py,488,Unet
AngeLouCN/CFPNet-Medicine,network\UNet.py,55,Unet
AngeLouCN/CFPNet-Medicine,network\UNet.py,61,Unet
AngeLouCN/CFPNet-Medicine,network\UNet.py,67,Unet
AngeLouCN/CFPNet-Medicine,network\UNet.py,73,Unet
AngeLouCN/CFPNet-Medicine,network\UNet.py,74,Unet
AngeLouCN/CFPNet-Medicine,network\UNet.py,75,Unet
AnshThakur/CNN_baselines,MS_CNN.py,76
AnshThakur/CNN_baselines,MS_CNN.py,83
AnshThakur/CNN_baselines,MS_CNN.py,88
AnshThakur/CNN_baselines,MS_CNN.py,100
AnshThakur/CNN_baselines,MS_CNN.py,107
AnshThakur/CNN_baselines,MS_CNN.py,112
AnshThakur/CNN_baselines,MS_CNN.py,126
AnshThakur/CNN_baselines,MS_CNN.py,133
AnshThakur/CNN_baselines,MS_CNN.py,138
AnshThakur/CNN_baselines,MS_CNN.py,150
AnshThakur/CNN_baselines,MS_CNN.py,157
AnshThakur/CNN_baselines,MS_CNN.py,162
appstud/appstud-glens-backend,training_glens\hairColorClassification\src\models\model.py,259
arjunjanamatti/video_classification,deep_zipper\ConvNet_Rec.py,54,Unet
arjunjanamatti/video_classification,deep_zipper\ConvNet_Rec.py,55,Unet
arjunjanamatti/video_classification,deep_zipper\ConvNet_Rec.py,57,Unet
arjunjanamatti/video_classification,deep_zipper\ConvNet_Rec.py,59,Unet
arjunjanamatti/video_classification,deep_zipper\ConvNet_Rec.py,61,Unet
arjunjanamatti/video_classification,deep_zipper\ConvNet_Rec.py,88,Unet
arjunjanamatti/video_classification,deep_zipper\ConvNet_Rec.py,90,Unet
arjunjanamatti/video_classification,deep_zipper\ConvNet_Rec.py,92,Unet
arjunjanamatti/video_classification,deep_zipper\ConvNet_Rec.py,94,Unet
arjunjanamatti/video_classification,deep_zipper\ConvNet_Rec.py,96,Unet
ATai2/pythondemo,tensorflow\15-CycleGAN\model.py,180
bartosztkowalski/retinal-vessels-detector,UNetModel.py,37,Unet
bartosztkowalski/retinal-vessels-detector,UNetModel.py,43,Unet
bartosztkowalski/retinal-vessels-detector,UNetModel.py,49,Unet
bartosztkowalski/retinal-vessels-detector,UNetModel.py,55,Unet
bartosztkowalski/retinal-vessels-detector,UNetModel.py,59,Unet
CatchZeng/YiAI-examples,papers\AlexNet\AlexNet.py,116,Alexnet
chenzhen2018/tf_learning,models\cnn\inceptionV1.py,24,Inception
chenzhen2018/tf_learning,models\cnn\inceptionV1.py,27,Inception
chenzhen2018/tf_learning,models\cnn\inceptionV1.py,39,Inception
chenzhen2018/tf_learning,models\cnn\inceptionV1.py,44,Inception
chenzhen2018/tf_learning,models\cnn\inceptionV1.py,54,Inception
chenzhen2018/tf_learning,models\cnn\inceptionV1.py,58,Inception
chenzhen2018/tf_learning,models\cnn\inceptionV1.py,70,Inception
chenzhen2018/tf_learning,models\cnn\inceptionV1.py,74,Inception
chenzhen2018/tf_learning,models\cnn\inceptionV1.py,90,Inception
chenzhen2018/tf_learning,models\cnn\inceptionV1.py,106,Inception
chenzhen2018/tf_learning,models\cnn\inceptionV1.py,118,Inception
chenzhen2018/tf_learning,models\cnn\inceptionV1.py,122,Inception
chenzhen2018/tf_learning,models\cnn\inceptionV1.py,137,Inception
chenzhen2018/tf_learning,models\cnn\inceptionV1.py,141,Inception
chenzhen2018/tf_learning,models\cnn\inceptionV1.py,153,Inception
chenzhen2018/tf_learning,models\cnn\inceptionV1.py,157,Inception
ChewKinWhye/nanoVAE,utils\model.py,88
ChewKinWhye/nanoVAE,utils\model.py,117
ChewKinWhye/nanoVAE,utils\model.py,181
ChewKinWhye/nanoVAE,utils\model.py,227
ClaireGiraud/Root_imaging_M2project,04.2D-U-net\model.py,56,Unet
ClaireGiraud/Root_imaging_M2project,04.2D-U-net\model.py,61,Unet
ClaireGiraud/Root_imaging_M2project,04.2D-U-net\model.py,66,Unet
ClaireGiraud/Root_imaging_M2project,04.2D-U-net\model.py,71,Unet
ClaireGiraud/Root_imaging_M2project,04.2D-U-net\model.py,75,Unet
ClaireGiraud/Root_imaging_M2project,04.2D-U-net\model.py,76,Unet
cryptogeekk/Data_Poisoning_Attack-Federated-Learning-,utils.py,42,Bug
cxan96/license_plate_detection,src\license_plate_extraction\models.py,44
cxan96/license_plate_detection,src\license_plate_extraction\models.py,45
cxan96/license_plate_detection,src\license_plate_extraction\models.py,46
cxan96/license_plate_detection,src\license_plate_extraction\models.py,73
cxan96/license_plate_detection,src\license_plate_extraction\models.py,75
cxan96/license_plate_detection,src\license_plate_extraction\models.py,141
cxan96/license_plate_detection,src\license_plate_extraction\models.py,142
cxan96/license_plate_detection,src\license_plate_extraction\models.py,164,Unet
cxan96/license_plate_detection,src\license_plate_extraction\models.py,166,Unet
cxan96/license_plate_detection,src\license_plate_extraction\models.py,168,Unet
cxan96/license_plate_detection,src\license_plate_extraction\models.py,170,Unet
cxan96/license_plate_detection,src\license_plate_extraction\models.py,171,Unet
cyuan-sjtu/hybrid-learning-feature-fusion,modelIL.py,62
cyuan-sjtu/hybrid-learning-feature-fusion,modelIL.py,63
cyuan-sjtu/hybrid-learning-feature-fusion,modelMB.py,80
cyuan-sjtu/hybrid-learning-feature-fusion,modelMB.py,81
cyuan-sjtu/hybrid-learning-feature-fusion,modelMC.py,64
cyuan-sjtu/hybrid-learning-feature-fusion,modelMC.py,65
D1VORY/finger_net,src\model.py,28
deekret/Assignment_4,Assignment_4\Assignment_4\models.py,45
dpwivagg/age-guesser,pretrained.py,52
ekote/computer-vision-for-biomedical-images-processing,unet-tf2-keras.py,34,Unet
ekote/computer-vision-for-biomedical-images-processing,unet-tf2-keras.py,40,Unet
ekote/computer-vision-for-biomedical-images-processing,unet-tf2-keras.py,46,Unet
ekote/computer-vision-for-biomedical-images-processing,unet-tf2-keras.py,52,Unet
ekote/computer-vision-for-biomedical-images-processing,unet-tf2-keras.py,56,Unet
esmerin/inbetween_colorization,model.py,59
esmerin/inbetween_colorization,model.py,61
esmerin/inbetween_colorization,model.py,64
Fakhre-Alam-Hub/Leaf-Disease-Segmentation,unet.py,36,Unet
Fakhre-Alam-Hub/Leaf-Disease-Segmentation,unet.py,42,Unet
Fakhre-Alam-Hub/Leaf-Disease-Segmentation,unet.py,48,Unet
Fakhre-Alam-Hub/Leaf-Disease-Segmentation,unet.py,54,Unet
Fakhre-Alam-Hub/Leaf-Disease-Segmentation,unet.py,58,Unet
hariharan98m/earthquake_assessment,only_train.py,91
hariharan98m/earthquake_assessment,only_train.py,101
hariharan98m/earthquake_assessment,only_train.py,108
hariharan98m/earthquake_assessment,only_train.py,113
hariharan98m/earthquake_assessment,residual(1).py,107
hariharan98m/earthquake_assessment,residual(1).py,120
hariharan98m/earthquake_assessment,residual(1).py,127
hariharan98m/earthquake_assessment,residual(1).py,132
hongzio/faster-rcnn-tf2,frcnn\backbone\vgg.py,29
huynguyenbao/Practical-Deep-Raw-Image-Denoising-on-Mobile-Devices,model.py,121,Conflict with assumption
jainsee24/Image-Segmentation-using-python,model.py,33,Unet
jainsee24/Image-Segmentation-using-python,model.py,38,Unet
jainsee24/Image-Segmentation-using-python,model.py,43,Unet
jainsee24/Image-Segmentation-using-python,model.py,48,Unet
jainsee24/Image-Segmentation-using-python,model.py,52,Unet
jainsee24/Image-Segmentation-using-python,model.py,53,Unet
jason-zl190/sisr,trainer\models\sisr\models.py,70
jason9693/cycleGAN-tensorflow-v2,Network\cycleGAN.py,130
jason9693/cycleGAN-tensorflow-v2,Network\cycleGAN.py,356
jinay1991/spleeter,scripts\unet.py,119,Conflict with assumption
jinay1991/spleeter,scripts\unet.py,315,Conflict with assumption
jkonglab/Liver_Cancer_Segmentation,LiverCancer_Segmentation\byClassification\HistoCAE\final_codes\batchTest.py,115
jkonglab/Liver_Cancer_Segmentation,LiverCancer_Segmentation\byClassification\HistoCAE\final_codes\batchTest.py,121
jkonglab/Liver_Cancer_Segmentation,LiverCancer_Segmentation\byClassification\HistoCAE\final_codes\batchTest.py,127
jkonglab/Liver_Cancer_Segmentation,LiverCancer_Segmentation\byClassification\HistoCAE\final_codes\batchTest_MSESSIMMAEloss.py,169
jkonglab/Liver_Cancer_Segmentation,LiverCancer_Segmentation\byClassification\HistoCAE\final_codes\batchTest_MSESSIMMAEloss.py,175
jkonglab/Liver_Cancer_Segmentation,LiverCancer_Segmentation\byClassification\HistoCAE\final_codes\batchTest_MSESSIMMAEloss.py,181
jkonglab/Liver_Cancer_Segmentation,LiverCancer_Segmentation\byClassification\HistoCAE\final_codes\batchTest_multiRes.py,89
jkonglab/Liver_Cancer_Segmentation,LiverCancer_Segmentation\byClassification\HistoCAE\final_codes\batchTest_multiRes.py,94
jkonglab/Liver_Cancer_Segmentation,LiverCancer_Segmentation\byClassification\HistoCAE\final_codes\batchTest_multiRes.py,99
jkonglab/Liver_Cancer_Segmentation,LiverCancer_Segmentation\byClassification\HistoCAE\final_codes\liverImages_main_10x_V3.py,132
jkonglab/Liver_Cancer_Segmentation,LiverCancer_Segmentation\byClassification\HistoCAE\final_codes\liverImages_main_10x_V3.py,138
jkonglab/Liver_Cancer_Segmentation,LiverCancer_Segmentation\byClassification\HistoCAE\final_codes\liverImages_main_10x_V3.py,144
jkonglab/Liver_Cancer_Segmentation,LiverCancer_Segmentation\byClassification\HistoCAE\final_codes\liverImages_main_10x_V3_MSESSIMMAEloss.py,188
jkonglab/Liver_Cancer_Segmentation,LiverCancer_Segmentation\byClassification\HistoCAE\final_codes\liverImages_main_10x_V3_MSESSIMMAEloss.py,194
jkonglab/Liver_Cancer_Segmentation,LiverCancer_Segmentation\byClassification\HistoCAE\final_codes\liverImages_main_10x_V3_MSESSIMMAEloss.py,200
jkonglab/Liver_Cancer_Segmentation,LiverCancer_Segmentation\byClassification\HistoCAE\final_codes\liverImages_main_10x_V3_MSESSIMMAEloss_OverlapData.py,196
jkonglab/Liver_Cancer_Segmentation,LiverCancer_Segmentation\byClassification\HistoCAE\final_codes\liverImages_main_10x_V3_MSESSIMMAEloss_OverlapData.py,202
jkonglab/Liver_Cancer_Segmentation,LiverCancer_Segmentation\byClassification\HistoCAE\final_codes\liverImages_main_10x_V3_MSESSIMMAEloss_OverlapData.py,208
jkonglab/Liver_Cancer_Segmentation,LiverCancer_Segmentation\byClassification\HistoCAE\final_codes\liverImages_main_10x_V3_test.py,132
jkonglab/Liver_Cancer_Segmentation,LiverCancer_Segmentation\byClassification\HistoCAE\final_codes\liverImages_main_10x_V3_test.py,138
jkonglab/Liver_Cancer_Segmentation,LiverCancer_Segmentation\byClassification\HistoCAE\final_codes\liverImages_main_10x_V3_test.py,144
jkonglab/Liver_Cancer_Segmentation,LiverCancer_Segmentation\byClassification\HistoCAE\final_codes\liverImages_main_20x_V3_MSESSIMMAEloss_OverlapData.py,194
jkonglab/Liver_Cancer_Segmentation,LiverCancer_Segmentation\byClassification\HistoCAE\final_codes\liverImages_main_20x_V3_MSESSIMMAEloss_OverlapData.py,200
jkonglab/Liver_Cancer_Segmentation,LiverCancer_Segmentation\byClassification\HistoCAE\final_codes\liverImages_main_20x_V3_MSESSIMMAEloss_OverlapData.py,206
jkonglab/Liver_Cancer_Segmentation,LiverCancer_Segmentation\byClassification\HistoCAE\final_codes\liverImages_main_20x_V3_OverlapData.py,136
jkonglab/Liver_Cancer_Segmentation,LiverCancer_Segmentation\byClassification\HistoCAE\final_codes\liverImages_main_20x_V3_OverlapData.py,142
jkonglab/Liver_Cancer_Segmentation,LiverCancer_Segmentation\byClassification\HistoCAE\final_codes\liverImages_main_20x_V3_OverlapData.py,148
jkonglab/Liver_Cancer_Segmentation,LiverCancer_Segmentation\byClassification\HistoCAE\final_codes\liverImages_main_5x_V3_MSESSIMMAEloss_OverlapData.py,193
jkonglab/Liver_Cancer_Segmentation,LiverCancer_Segmentation\byClassification\HistoCAE\final_codes\liverImages_main_5x_V3_MSESSIMMAEloss_OverlapData.py,199
jkonglab/Liver_Cancer_Segmentation,LiverCancer_Segmentation\byClassification\HistoCAE\final_codes\liverImages_main_5x_V3_MSESSIMMAEloss_OverlapData.py,205
jkonglab/Liver_Cancer_Segmentation,LiverCancer_Segmentation\byClassification\HistoCAE\final_codes\liverImages_main_bottleneck_withoutFlatten_MultiRes_FCV1.py,156
jkonglab/Liver_Cancer_Segmentation,LiverCancer_Segmentation\byClassification\HistoCAE\final_codes\liverImages_main_bottleneck_withoutFlatten_MultiRes_FCV1.py,162
jkonglab/Liver_Cancer_Segmentation,LiverCancer_Segmentation\byClassification\HistoCAE\final_codes\liverImages_main_bottleneck_withoutFlatten_MultiRes_FCV1.py,168
jkonglab/Liver_Cancer_Segmentation,LiverCancer_Segmentation\byClassification\HistoCAE\final_codes\liverImages_main_bottleneck_withoutFlatten_MultiRes_FCV1.py,311
jkonglab/Liver_Cancer_Segmentation,LiverCancer_Segmentation\byClassification\HistoCAE\final_codes\liverImages_main_bottleneck_withoutFlatten_MultiRes_FCV1.py,325
jkonglab/Liver_Cancer_Segmentation,LiverCancer_Segmentation\byClassification\HistoCAE\final_codes\liverImages_main_bottleneck_withoutFlatten_MultiRes_FCV1_OverlapData.py,157
jkonglab/Liver_Cancer_Segmentation,LiverCancer_Segmentation\byClassification\HistoCAE\final_codes\liverImages_main_bottleneck_withoutFlatten_MultiRes_FCV1_OverlapData.py,163
jkonglab/Liver_Cancer_Segmentation,LiverCancer_Segmentation\byClassification\HistoCAE\final_codes\liverImages_main_bottleneck_withoutFlatten_MultiRes_FCV1_OverlapData.py,169
jkonglab/Liver_Cancer_Segmentation,LiverCancer_Segmentation\byClassification\HistoCAE\final_codes\liverImages_main_bottleneck_withoutFlatten_MultiRes_FCV1_OverlapData.py,312
jkonglab/Liver_Cancer_Segmentation,LiverCancer_Segmentation\byClassification\HistoCAE\final_codes\liverImages_main_bottleneck_withoutFlatten_MultiRes_FCV1_OverlapData.py,326
jkonglab/Liver_Cancer_Segmentation,LiverCancer_Segmentation\byClassification\HistoCAE\final_codes\liverImages_main_MultiRes_FCV2_OverlapData.py,159
jkonglab/Liver_Cancer_Segmentation,LiverCancer_Segmentation\byClassification\HistoCAE\final_codes\liverImages_main_MultiRes_FCV2_OverlapData.py,165
jkonglab/Liver_Cancer_Segmentation,LiverCancer_Segmentation\byClassification\HistoCAE\final_codes\liverImages_main_MultiRes_FCV2_OverlapData.py,171
jkonglab/Liver_Cancer_Segmentation,LiverCancer_Segmentation\byClassification\HistoCAE\final_codes\liverImages_main_MultiRes_FCV2_OverlapData.py,314
jkonglab/Liver_Cancer_Segmentation,LiverCancer_Segmentation\byClassification\HistoCAE\final_codes\liverImages_main_MultiRes_FCV2_OverlapData.py,328
jkonglab/Liver_Cancer_Segmentation,LiverCancer_Segmentation\byClassification\HistoCAE\final_codes\oneWSI_Test.py,90
jkonglab/Liver_Cancer_Segmentation,LiverCancer_Segmentation\byClassification\HistoCAE\final_codes\oneWSI_Test.py,95
jkonglab/Liver_Cancer_Segmentation,LiverCancer_Segmentation\byClassification\HistoCAE\final_codes\oneWSI_Test.py,100
jmswaney/autoencoder-registration,coreg\chungcore\ConvAutoencoder.py,43
jmswaney/autoencoder-registration,coreg\chungcore\ConvAutoencoder.py,45
jmswaney/autoencoder-registration,coreg\chungcore\ConvAutoencoder.py,47
JoaGalMor/LungSound_class,CNN.py,51
JoaGalMor/LungSound_class,CNN.py,76
JoaGalMor/LungSound_class,CNN.py,99
JonneTyo/ALSA,model.py,33
JonneTyo/ALSA,model.py,38
JonneTyo/ALSA,model.py,43
JonneTyo/ALSA,model.py,48
JonneTyo/ALSA,model.py,52
JonneTyo/ALSA,model.py,53
kabbas570/DeepLabv3-Implementation-using-Keras,DeepLabV3.py,64
kabbas570/DeepLabv3-Implementation-using-Keras,DeepLabV3.py,68
kabbas570/DeepLabv3-Implementation-using-Keras,DeepLabV3.py,71
kabbas570/DeepLabv3-Implementation-using-Keras,DeepLabV3.py,74
kabbas570/DeepLabv3-Implementation-using-Keras,DeepLabV3.py,77
Kaushalkhokhar/ocr,tools\models.py,23
Kaushalkhokhar/ocr,tools\models.py,32
Kaushalkhokhar/ocr,tools\models.py,44
Kaushalkhokhar/ocr,tools\models.py,47
Kimyuhwanpeter/2021-04-07,model_V7.py,44
Kimyuhwanpeter/2021-04-07,model_V7.py,70
Kimyuhwanpeter/2021-04-07,model_V7.py,96
klaravw/finalized_capstone,model_iter1\model.py,37
klaravw/finalized_capstone,model_iter1\model.py,42
klaravw/finalized_capstone,model_iter1\model.py,47
klaravw/finalized_capstone,model_iter1\model.py,52
klaravw/finalized_capstone,model_iter1\model.py,56
klaravw/finalized_capstone,model_iter1\model.py,57
kteavery/BirdRoostLocation,BirdRoostLocation\BuildModels\CNN\unet.py,69
kteavery/BirdRoostLocation,BirdRoostLocation\BuildModels\CNN\unet.py,80
kteavery/BirdRoostLocation,BirdRoostLocation\BuildModels\CNN\unet.py,91
kteavery/BirdRoostLocation,BirdRoostLocation\BuildModels\CNN\unet.py,102
kteavery/BirdRoostLocation,BirdRoostLocation\BuildModels\CNN\unet.py,112
kteavery/BirdRoostLocation,BirdRoostLocation\BuildModels\CNN\unet.py,116
lihebi/AdvAE,python\defensegan_models.py,66
lucsoret/CEI,Python\Scripts\LUNA16_UNET.py,121
lucsoret/CEI,Python\Scripts\LUNA16_UNET.py,126
lucsoret/CEI,Python\Scripts\LUNA16_UNET.py,131
lucsoret/CEI,Python\Scripts\LUNA16_UNET.py,136
lucsoret/CEI,Python\Scripts\LUNA16_UNET.py,140
lucsoret/CEI,Python\Scripts\LUNA16_UNET.py,141
luqqz/MedZoo,my_prep\models\tensorflow\unet\model.py,43
luqqz/MedZoo,my_prep\models\tensorflow\unet\model.py,48
luqqz/MedZoo,my_prep\models\tensorflow\unet\model.py,53
luqqz/MedZoo,my_prep\models\tensorflow\unet\model.py,58
luqqz/MedZoo,my_prep\models\tensorflow\unet\model.py,63
luqqz/MedZoo,my_prep\models\tensorflow\unet\model.py,64
luutn2002/segmentation,project\modified_unet.py,26
luutn2002/segmentation,project\modified_unet.py,31
luutn2002/segmentation,project\modified_unet.py,36
luutn2002/segmentation,project\modified_unet.py,41
luutn2002/segmentation,project\modified_unet.py,45
luutn2002/segmentation,project\modified_unet.py,46
majunting/jupyter_notebook,reference\TensorFlow2.0-Examples-master\TensorFlow2.0-Examples-master\4-Object_Detection\MTCNN\mtcnn.py,29
majunting/jupyter_notebook,reference\TensorFlow2.0-Examples-master\TensorFlow2.0-Examples-master\4-Object_Detection\RPN\rpn.py,49
majunting/jupyter_notebook,reference\TensorFlow2.0-Examples-master\TensorFlow2.0-Examples-master\4-Object_Detection\RPN\rpn.py,59
majunting/jupyter_notebook,reference\TensorFlow2.0-Examples-master\TensorFlow2.0-Examples-master\4-Object_Detection\RPN\rpn.py,62
majunting/jupyter_notebook,reference\TensorFlow2.0-Examples-master\TensorFlow2.0-Examples-master\4-Object_Detection\SSD\ssd.py,54
majunting/jupyter_notebook,reference\TensorFlow2.0-Examples-master\TensorFlow2.0-Examples-master\4-Object_Detection\SSD\ssd.py,57
majunting/jupyter_notebook,reference\TensorFlow2.0-Examples-master\TensorFlow2.0-Examples-master\4-Object_Detection\SSD\ssd.py,60
majunting/jupyter_notebook,reference\TensorFlow2.0-Examples-master\TensorFlow2.0-Examples-master\4-Object_Detection\SSD\ssd.py,63
mananm2/FLAM,utils\unet.py,31
mananm2/FLAM,utils\unet.py,36
mananm2/FLAM,utils\unet.py,41
mananm2/FLAM,utils\unet.py,46
mananm2/FLAM,utils\unet.py,50
marcelsan/DeepShading,models\shading_net.py,38
marcelsan/DeepShading,models\shading_net.py,44
marcelsan/DeepShading,models\shading_net.py,50
marcelsan/DeepShading,models\shading_net.py,55
marcelsan/DeepShading,models\shading_net.py,61
Marwaahmed96/nucli_u_net_segmentation,models.py,36
Marwaahmed96/nucli_u_net_segmentation,models.py,42
Marwaahmed96/nucli_u_net_segmentation,models.py,48
Marwaahmed96/nucli_u_net_segmentation,models.py,54
Marwaahmed96/nucli_u_net_segmentation,models.py,58
meteahishali/methods-early-cov19,compact_classifiers\crc_csen\csen\networks.py,7
meteahishali/methods-early-cov19,compact_classifiers\crc_csen\csen\networks.py,8
meteahishali/methods-early-cov19,compact_classifiers\crc_csen\csen\networks.py,29
meteahishali/methods-early-cov19,compact_classifiers\crc_csen\csen\networks.py,30
meteahishali/methods-early-cov19,compact_classifiers\crc_csen\csen\networks.py,49
meteahishali/methods-early-cov19,compact_classifiers\crc_csen\csen\networks.py,50
meteahishali/methods-early-cov19,compact_classifiers\crc_csen\csen\networks.py,52
meteahishali/methods-early-cov19,compact_classifiers\crc_csen\csen\networks.py,53
mjalalimanesh/sparse-dot-deep-learning,training-and-evaluation\network_architectures.py,131
mjalalimanesh/sparse-dot-deep-learning,training-and-evaluation\network_architectures.py,169
mjalalimanesh/sparse-dot-deep-learning,training-and-evaluation\network_architectures.py,210
mr1528126360/UMLF_COVID,networks.py,25
musicbyjing/inpainting_rfi,scripts\models\models_deep.py,54
Neubias-WG5/W_NucleiSegmentation-UNet,model_builder.py,56
Neubias-WG5/W_NucleiSegmentation-UNet,model_builder.py,67
Neubias-WG5/W_NucleiSegmentation-UNet,model_builder.py,78
Nils-Treuheit/Heterogenous-Inferencing,ai_hardware_accelerators_windows.py,180
Nils-Treuheit/Heterogenous-Inferencing,ai_hardware_accelerators_windows.py,225
ogimgio/road-segmentation-ML-EPFL-2021,.ipynb_checkpoints\unet-checkpoint.py,26
ogimgio/road-segmentation-ML-EPFL-2021,.ipynb_checkpoints\unet-checkpoint.py,31
ogimgio/road-segmentation-ML-EPFL-2021,.ipynb_checkpoints\unet-checkpoint.py,36
ogimgio/road-segmentation-ML-EPFL-2021,.ipynb_checkpoints\unet-checkpoint.py,41
ogimgio/road-segmentation-ML-EPFL-2021,.ipynb_checkpoints\unet-checkpoint.py,45
ogimgio/road-segmentation-ML-EPFL-2021,.ipynb_checkpoints\unet-checkpoint.py,46
ogimgio/road-segmentation-ML-EPFL-2021,unet.py,26
ogimgio/road-segmentation-ML-EPFL-2021,unet.py,31
ogimgio/road-segmentation-ML-EPFL-2021,unet.py,36
ogimgio/road-segmentation-ML-EPFL-2021,unet.py,41
ogimgio/road-segmentation-ML-EPFL-2021,unet.py,45
ogimgio/road-segmentation-ML-EPFL-2021,unet.py,46
pecacio/Sudoku,Sudoku Segmentation and Solving\sud_model.py,159
pecacio/Sudoku,Sudoku Segmentation and Solving\sud_model.py,165
pecacio/Sudoku,Sudoku Segmentation and Solving\sud_model.py,171
pecacio/Sudoku,Sudoku Segmentation and Solving\sud_model.py,177
pecacio/Sudoku,Sudoku Segmentation and Solving\sud_model.py,181
penny4860/keras-adain-style-transfer,adain\decoder.py,43
penny4860/keras-adain-style-transfer,adain\decoder.py,50
penny4860/keras-adain-style-transfer,adain\decoder.py,57
pkhorram/Optimizing-Modulation-Classification-with-Deep-Learning,Resnet\model.py,23
pkhorram/Optimizing-Modulation-Classification-with-Deep-Learning,Resnet\model.py,26
pkhorram/Optimizing-Modulation-Classification-with-Deep-Learning,Resnet\model.py,44
pkhorram/Optimizing-Modulation-Classification-with-Deep-Learning,Resnet\model.py,62
pkhorram/Optimizing-Modulation-Classification-with-Deep-Learning,Robust_CNN Model\model.py,24
pkhorram/Optimizing-Modulation-Classification-with-Deep-Learning,Robust_CNN Model\model.py,28
pkhorram/Optimizing-Modulation-Classification-with-Deep-Learning,Robust_CNN Model\model.py,50
pkhorram/Optimizing-Modulation-Classification-with-Deep-Learning,Robust_CNN Model\model.py,63
QuantumForceField/ESTR3108_Face_Aging_Project,SourceCode\Generator.py,116
QuantumForceField/ESTR3108_Face_Aging_Project,SourceCode\Generator.py,131
QuantumForceField/ESTR3108_Face_Aging_Project,SourceCode\Generator.py,147
quic/aimet,TrainingExtensions\tensorflow\test\python\test_cross_layer_equalization_keras.py,173
quic/aimet,TrainingExtensions\tensorflow\test\python\test_cross_layer_equalization_keras.py,178
quic/aimet,TrainingExtensions\tensorflow\test\python\test_cross_layer_equalization_keras.py,179
quic/aimet,TrainingExtensions\tensorflow\test\python\test_cross_layer_equalization_keras.py,173
quic/aimet,TrainingExtensions\tensorflow\test\python\test_cross_layer_equalization_keras.py,178
quic/aimet,TrainingExtensions\tensorflow\test\python\test_cross_layer_equalization_keras.py,179
quic/aimet,TrainingExtensions\tensorflow\test\python\test_cross_layer_equalization_keras.py,270
quic/aimet,TrainingExtensions\tensorflow\test\python\test_cross_layer_equalization_keras.py,354
quic/aimet,TrainingExtensions\tensorflow\test\python\test_cross_layer_equalization_keras.py,355
quic/aimet,TrainingExtensions\tensorflow\test\python\test_cross_layer_equalization_keras.py,360
quic/aimet,TrainingExtensions\tensorflow\test\python\test_cross_layer_equalization_keras.py,399
quic/aimet,TrainingExtensions\tensorflow\test\python\test_cross_layer_equalization_keras.py,428
quic/aimet,TrainingExtensions\tensorflow\test\python\test_cross_layer_equalization_keras.py,465
ranaa-b/OOCS,experiments\ImageClassification\ImageClassification_models.py,187
ranjanZ/ICDAR_Binarization,src\train_model.py,66
ranjanZ/ICDAR_Binarization,src\train_model.py,91
rasmhilt/U-Net,model.py,48
rasmhilt/U-Net,model.py,54
rasmhilt/U-Net,model.py,60
rasmhilt/U-Net,model.py,66
rasmhilt/U-Net,model.py,72
rasmhilt/U-Net,model.py,73
rasmhilt/U-Net,model.py,117
rasmhilt/U-Net,model.py,123
rasmhilt/U-Net,model.py,129
rasmhilt/U-Net,model.py,135
rasmhilt/U-Net,model.py,141
rasmhilt/U-Net,model.py,147
rasmhilt/U-Net,model.py,150
rasmhilt/U-Net,model.py,183
rasmhilt/U-Net,model.py,189
rasmhilt/U-Net,model.py,195
rasmhilt/U-Net,model.py,201
rasmhilt/U-Net,model.py,204
rasmhilt/U-Net,model.py,231
rasmhilt/U-Net,model.py,237
rasmhilt/U-Net,model.py,243
rasmhilt/U-Net,model.py,246
reeshof/MTG-card-scanner,src\lib\object_detection\model.py,33
reeshof/MTG-card-scanner,src\lib\object_detection\model.py,38
reeshof/MTG-card-scanner,src\lib\object_detection\model.py,42
reeshof/MTG-card-scanner,src\lib\object_detection\model.py,67
reeshof/MTG-card-scanner,src\lib\object_detection\model.py,71
reinaw1012/Emotion-Recognition,src\models\my_model.py,120
reinaw1012/Emotion-Recognition,src\models\my_model.py,128
reinaw1012/Emotion-Recognition,src\models\my_model.py,154
reinaw1012/Emotion-Recognition,src\models\my_model.py,164
rozver/Calliope,CalliopeAPI\convolutional_autoencoder.py,17
rsong/MIMO-GAN,mimogan.py,105
rsong/MIMO-GAN,mimogan.py,120
rsong/MIMO-GAN,mimogan.py,135
rsong/MIMO-GAN,mimogan.py,150
rsong/MIMO-GAN,mimogan.py,165
rsong/MIMO-GAN,mimogan.py,169
sanchitvj/Image-Dehazing-using-GMAN-net,dehaze_net.py,58
sanchitvj/Image-Dehazing-using-GMAN-net,dehaze_net.py,254
sanchitvj/Image-Dehazing-using-GMAN-net,dehaze_net.py,331
SanjyotZade/CNN-classification-hub,tensor_hub_code\inception4.py,22
SanjyotZade/CNN-classification-hub,tensor_hub_code\inception4.py,24
spades1404/OpthaBotDevelopment,TensorflowCode\ModelGeneration\model2.py,109
spades1404/OpthaBotDevelopment,TensorflowCode\ModelGeneration\model2.py,151
stepetal/SemanticSegmentationWithUNET,mitochondria_nn_model.py,109
stepetal/SemanticSegmentationWithUNET,mitochondria_nn_model.py,127
stepetal/SemanticSegmentationWithUNET,mitochondria_nn_model.py,145
stepetal/SemanticSegmentationWithUNET,mitochondria_nn_model.py,162
stepetal/SemanticSegmentationWithUNET,mitochondria_nn_model.py,174
stfc-sciml/sciml-benchmarks-prerelease,sciml_bench\benchmarks\em_denoise\model.py,37
stfc-sciml/sciml-benchmarks-prerelease,sciml_bench\benchmarks\em_denoise\model.py,44
stfc-sciml/sciml-benchmarks-prerelease,sciml_bench\benchmarks\em_denoise\model.py,51
stfc-sciml/sciml-benchmarks-prerelease,sciml_bench\benchmarks\em_denoise\model.py,56
Stsh4lson/TOM-2020,modules\NeuralNetwork.py,66
Stsh4lson/TOM-2020,modules\NeuralNetwork.py,74
Stsh4lson/TOM-2020,modules\NeuralNetwork.py,82
Stsh4lson/TOM-2020,modules\NeuralNetwork.py,90
Stsh4lson/TOM-2020,modules\NeuralNetwork.py,96
taebong/unet4nuclei,utils\model_builder.py,60
taebong/unet4nuclei,utils\model_builder.py,73
taebong/unet4nuclei,utils\model_builder.py,86
taebong/unet4nuclei,utils\model_builder.py,94
tanishjohar99/farm-health-backend,model.py,31
tanishjohar99/farm-health-backend,model.py,36
tanishjohar99/farm-health-backend,model.py,46
tanishjohar99/farm-health-backend,model.py,51
tanishjohar99/farm-health-backend,model.py,54
tensorfreitas/Temporal-Ensembling-for-Semi-Supervised-Learning,pi_model.py,214
tensorfreitas/Temporal-Ensembling-for-Semi-Supervised-Learning,pi_model.py,220
Toroi0610/unsupervised_heat_equation,.ipynb_checkpoints\unet_part-checkpoint.py,185
Toroi0610/unsupervised_heat_equation,.ipynb_checkpoints\unet_part-checkpoint.py,192
Toroi0610/unsupervised_heat_equation,.ipynb_checkpoints\unet_part-checkpoint.py,199
Toroi0610/unsupervised_heat_equation,.ipynb_checkpoints\unet_part-checkpoint.py,204
uzgit/airsim_pictures,resunet_repeat.py,97
uzgit/airsim_pictures,resunet_repeat.py,102
uzgit/airsim_pictures,resunet_repeat.py,112
uzgit/airsim_pictures,resunet_repeat.py,117
uzgit/airsim_pictures,resunet_repeat.py,120
uzgit/airsim_pictures,resunet_repeat3.py,101
uzgit/airsim_pictures,resunet_repeat3.py,106
uzgit/airsim_pictures,resunet_repeat3.py,116
uzgit/airsim_pictures,resunet_repeat3.py,121
uzgit/airsim_pictures,resunet_repeat3.py,124
vasil72rus/coin_classification,create_segmentation_model.py,54
vasil72rus/coin_classification,create_segmentation_model.py,62
vasil72rus/coin_classification,create_segmentation_model.py,66
vasil72rus/coin_classification,create_segmentation_model.py,68
verages/TensorFlow-2.x-Tutorials,15-CycleGAN\model.py,180
wallingTACC/grace-dl,scripts\models.py,47
wallingTACC/grace-dl,scripts\models.py,49
wallingTACC/grace-dl,scripts\models.py,82
wallingTACC/grace-dl,scripts\models.py,172
wallingTACC/grace-dl,scripts\models.py,176
wallingTACC/grace-dl,scripts\models.py,180
wallingTACC/grace-dl,scripts\models.py,184
wallingTACC/grace-dl,scripts\models.py,187
wallingTACC/grace-dl,scripts\models.py,265
wallingTACC/grace-dl,scripts\models.py,318
wallingTACC/grace-dl,scripts\models.py,351
wallingTACC/grace-dl,scripts\models.py,366
wenjiey2/Fertilizer_Adulteration_Classification,model\model_2.2\baseline_model.py,76
wenjiey2/Fertilizer_Adulteration_Classification,model\model_2.2\baseline_model.py,100
wenjiey2/Fertilizer_Adulteration_Classification,model\model_2.2\baseline_model.py,116
wenjiey2/Fertilizer_Adulteration_Classification,model\model_2.2\baseline_model.py,163
wenjiey2/Fertilizer_Adulteration_Classification,model\model_2.2\baseline_model.py,174
yanlong-sun/brain_segmentation,net.py,97
yanlong-sun/brain_segmentation,net.py,110
yanlong-sun/brain_segmentation,net.py,123
yanlong-sun/brain_segmentation,net.py,136
yanlong-sun/brain_segmentation,net.py,146
Yorwxue/Scene_Text_Detection,refinenet.py,20
Yorwxue/Scene_Text_Detection,refinenet.py,26
Yorwxue/Scene_Text_Detection,refinenet.py,32
YunYang1994/TensorFlow2.0-Examples,4-Object_Detection\RPN\rpn.py,49
YunYang1994/TensorFlow2.0-Examples,4-Object_Detection\RPN\rpn.py,59
YunYang1994/TensorFlow2.0-Examples,4-Object_Detection\RPN\rpn.py,62
YunYang1994/TensorFlow2.0-Examples,4-Object_Detection\SSD\ssd.py,54
YunYang1994/TensorFlow2.0-Examples,4-Object_Detection\SSD\ssd.py,57
YunYang1994/TensorFlow2.0-Examples,4-Object_Detection\SSD\ssd.py,60
YunYang1994/TensorFlow2.0-Examples,4-Object_Detection\SSD\ssd.py,63
